ID,Name,Category,Subcategory,Difficulty,Price,SalePrice,ShortDescription
cmn5fe7sy000004l7vqb4sdoc,FLOW VISSTA XC,VALJAAT,Kanoottivaljaat,,2950,,FLOWm valmistama kisavaljas
cmn5es8sn000004i8azuu2agl,FLOW XCRACER 2,VARJOLIITIMET,EN-D Varjoliitimet,,4550,,2-linjainen kisakone Flowlta
cmn5e8np4000004l1nzp8bo5d,FLOW RPM2,VARJOLIITIMET,Paramoottori Varjoliitimet,,4035,,Tehokas Full Reflex siipi mottilentämiseen
cmn5dj4ai000004jx8y4eoe7n,SYRIDE SOLAR,MITTARIT,,,120,,Puhelimen paras kaveri ilmassa
cmn5d7he4000004jsskobt54m,SYRIDE GPS V4,MITTARIT,,,350,,Uudistettu Syride GPS V4
cmn5cuj02000004jra4bd7iv9,SYRIDE ALT V4,MITTARIT,,,200,,Pieni ja ketterä perusvario
cmn438cms000004kykoqh7x9n,FLOW MULLET 2,VARJOLIITIMET,Parakite Varjoliitimet,,3450,,Flow julkaisi uuden MULLET version
cmmsvk5vy000004ji7uuxq5fj,SUPAIR DELIGHT 5,VALJAAT,Kanoottivaljaat,,2140,,SubAir huippu XC-kanootit
cmmpwzu82000004l8v8jv8k0t,U-TURN MORPHEUS NG,VARJOLIITIMET,EN-D Varjoliitimet,,2998,,Legendan paluu acroliidin joka on leimattu D-luokkaan
cmmpw769s000004jibvfkq38g,U-TURN BLACKOUT +,VARJOLIITIMET,Acro Varjoliitimet,,2650,,Acropilotin märkä päiväuni
cmmpvlzdg000004jj07xundyq,U-TURN EMOTION 4,VARJOLIITIMET,EN-A Varjoliitimet,,3450,2995,Acropilotin A-luokkalainen
cmmonvmcv000004k4clj5uakm,U-TURN BACK UP ULTIMATE,PELASTUSVARJOT,Kevyt pelastusvarjot,,995,,Ultimaattisen kevyt pelastuvarjo  120kg malli 1.1kg
cmmon30pi000004jpntyla471,AIRDESIGN BOXR,VALJAAT,Avovaljaat,,1350,,AIrDesign värikkäät avovaljaat
cmmom0aej000104l2kzvs4rjw,PHI EXACT,VARJOLIITIMIEN PAKKAUSTARVIKKEET,Reput,,185,,Rucksack by PHI
cmmoljfqy000004l26se5qa37,PHI CARBIO,VALJAAT,Avovaljaat,,1165,,Passiivisella suojapanssarilla varustettu avovaljas
cmmol4r5n000004l8tehk1yfr,PHI ACCEL,VARJOLIITIMIEN PAKKAUSTARVIKKEET,Ruusupussit,,135,,PHI:ltä käytännöllinen ruusupussi
cmmoiqgnz000004jlt1ttf1v0,NVOLO CARBON HELMET,KYPÄRÄT,Paramoottori kypärät,,795,,NVOLO suosittu paramoottorikypärä
cmmofu9qn000004ky0ywacofj,NVOLO GOGLES,KYPÄRÄT,Paramoottori kypärät,,80,,Suojalasit Nvolon kypärämalleihin
cmmoepe25000004ktcw1anlmj,SKY SKYLIGHTER 4,VALJAAT,Kanoottivaljaat,,1395,,Skyltä kanoottivaljaat
cmmoe00ak000004jou5mmnkzs,AIRDESIGN RONIN-BI,VARJOLIITIMET,Tandem Varjoliitimet,,4595,,Single skin tandem 2.6kg
cmmng99ki000004kyr3n16q44,SKY CRUX CORE,VALJAAT,Parakite valjaat,,550,,Sky:ltä parakite ja minisiipi kikkailuun
cmmnfewe7000004jsihquz7xq,SKY CRUX CORE,VALJAAT,Kääntövaljaat,,695,,Skyl:tä kääntövaljaat
cmmnb5xrj000004jmkny23q0g,SKY GII5 ALFA,VALJAAT,Avovaljaat,,745,,Kevyt malli GII5sista
cmmnanr33000404lblh4qeepa,SKY GII 5 ,VALJAAT,Acrovaljaat,,900,,SKY:n acrovaljaat
cmmn5g36h000004l2mcyhujsx,SKY GII 5S,VALJAAT,Avovaljaat,,695,,Ensimmäiset valjaat SKYltä
cmmn4726g000204l3hqxuw3we,FLY PRODUCTS FOXY,PARAMOOTTORIT JA TARVIKKEET,Paramoottori Trike,,1995,,Kevyt trike Fly Productionilta
cmmn3npq5000004lgi53e1rfm,AIR CONCEPTION TANDEM TRIKE,PARAMOOTTORIT JA TARVIKKEET,Paramoottori Trike,,3950,,Tandem trike kehikko AC:ltä
cmmn3gv5f000104l3iiei8ya8,AIR CONCEPTION TRIKE,PARAMOOTTORIT JA TARVIKKEET,Paramoottori Trike,,2450,,Yksi paikkainen AC- trike
cmmn33d8z000004l3jd0nf4sj,LIBERTY SPRIT  TRIKE,PARAMOOTTORIT JA TARVIKKEET,Paramoottori Trike,,1995,,Kilpatrike Libertyltä
cmmlt5jqz000004kyoo4czgtc,AIRDESIGN SOAR 2,VARJOLIITIMET,EN-B Varjoliitimet,,4495,,AD B-luokkalainen kevyt liidin
cmmlrcvg0000004jyadbasbgc,INDEPENDENCE RADIO POCKET,MUUT TUOTTEET,,,35,,Radiotasku Independenceltä
cmmlqearc000004l8n06vbd35,AIRDESIGN RONIN,VARJOLIITIMET,Mini Varjoliitimet,,2725,,Kevyt kuin samurain miekka
cmmlot44d000004l6vl4yatok,AIRDESIGN HERO XPED,VARJOLIITIMET,EN-D Varjoliitimet,,5250,,X-alps kilpuri Airdesignilta
cmmiubxgp000004i70b98auc1,AIRDESING SUSI XPED,VARJOLIITIMET,Mini Varjoliitimet,,3150,,Xped sarjalainen legendaarisesta minisiivestä
cmmfst3ty000004k3xus69gby, BGD MAGIC 2,VARJOLIITIMET,EN-A Varjoliitimet,,3450,,Maagista turvallisuutta BGD:ltä
cmmeiq7m7000004l7zomnz1pw,Electravia (E-Props) 3 blades propeller 125-130-140 cm,PARAMOOTTORIT JA TARVIKKEET,Paramoottorin varaosat,,595,,Kolmelapainen hiilikuitupotkuri
cmmei2w27000004l5vff89b1e,Electravia (E-Props) 2 blades propeller 125-130 cm,PARAMOOTTORIT JA TARVIKKEET,Paramoottorin varaosat,,395,,Kaksilapainen hiilikuitupotkuri
cmmehql8i000004jpuu1hi7do,Tandem system including 2 steel carabiners (without harness),PARAMOOTTORIT JA TARVIKKEET,Paramoottorit,,600,,AC:n tandem-kaari matkustajan kuljettamiseen
cmme8n5q1000004jmmzyleklf,SKYTRAXX 5.0 MINI,MITTARIT,,,535,,SKYTRAXXin kevyt ja pieni super mittari flarmilla
cmme7hyla000004jlhnucnowa,BGD FIFTY WAYS  TO FLY BETTER,MUUT TUOTTEET,,,50,38,Brucen lentokirja XC-hommin
cmme6v4du000104jrylifrp8h,ZOOM XA LT,VARJOLIITIMET,EN-A Varjoliitimet,,4650,,ZOOMin kevyt A-luokkalainen
cmme6fefy000004jrox1eoi0s,ZOOM XA,VARJOLIITIMET,EN-A Varjoliitimet,,3890,,ZOOMin A-luokkalainen
cmme5w058000104jytux3e1b7,ZOOM X2C LT,VARJOLIITIMET,EN-C Varjoliitimet,,6090,,2-linjainen kevyt liidin C-luokkaan ZOOMilta
cmme5i4yx000004jy1rku1wrb,ZOOM X2C,VARJOLIITIMET,EN-C Varjoliitimet,,5590,,2-linjainen C-luokkalainen ZOOMilta
cmme4umtn000004lbbszo100v,ZOOM XB LT,VARJOLIITIMET,EN-B Varjoliitimet,,4920,,Kevyt B-luokkalainen Zoomilta
cmmddgivt000204jvugm6j84o,Kuminauhat,PELASTUSVARJOT,,,5,,Puolen vuoden välein vaihtoon
cmmdc8hiq000104jvtzii3im8,INDEPENDENCE FRONT CONTAINER MULTI,PELASTUSVARJOT,Etulaukku,,120,,Etulaukku pelastuvarjolle 
cmmdbrnu4000004jvnc7q8ozh,DE LUX LEG VARIO HOLDER,MITTARIT,,,45,,Jalkatuki mittarille
cmmdbj3m4000104jp47pfunr6,INDEPENDENCE ULTRA CROSS 210,PELASTUSVARJOT,Neliskulmaiset pelastusvarjot,,1730,,Ultra tandemi kovaan käyttöön
cmmda6y8f000004jplub2ju4h,INDEPENDENCE LOOPING,VALJAAT,Kääntövaljaat,,1035,,Ison pilotin valjaat
cmmd8hedz000104lefs7boas5,INDEPENDENCE CHILDREN'S PASSENGER HARNESS,VALJAAT,Lastenvaljaat,,495,,JR mukaan lennolle
cmmd82q5i000004leiq6zt1z4,INDEPENDENCE FREESTYLE,VALJAAT,Avovaljaat,,1025,,Helpot ja hyvät avovaljaat
cmmd7oz2c000004jlx82uwkzl,QPS CARRY QUIC PACKING SACK ,VARJOLIITIMIEN PAKKAUSTARVIKKEET,Ruusupussit,,100,,Suosittu ruusupussi 
cmmd6zw2d000104jrb3wpck8n,FINSTERWALDER SNAPLOCK,MUUT TUOTTEET,Karabiinit,,30,,Monikäyttöinen karabiini Charlyltä
cmmd6atnw000004l4p32b2lqp,INDEPENDENCE G-FORCE BRAKE,MUUT TUOTTEET,,,175,,Pienin ja kätevin G-voimajarru
cmmd60ds0000004jrxt75jokp,INDEPENDENCE COCPIT,MUUT TUOTTEET,,,95,,Etulaukku mittarille sekä lentoeväille
cmmd52bso000004l75m9k27ck,COMPANION SQR Prime The Performance Reserve,PELASTUSVARJOT,Neliskulmaiset pelastusvarjot,,970,,Suorituskyvyn pelastaja
cmmd1jml3000004jsveopgh7j,COMPANION SQR Classic The Universal Reserve,PELASTUSVARJOT,Neliskulmaiset pelastusvarjot,,895,,Modernia perinteistä
cmmd0wvta000004jf9ok81c5z,COMPANION SQR Light GEN2 The Lightweight Reserve 200,PELASTUSVARJOT,Neliskulmaiset pelastusvarjot,,1640,,Ammatilaisen valinta tandemiin
cmmd0bqvo000104i8cnw4ptz6,COMPANION SQR Light GEN2 The Lightweight Reserve,PELASTUSVARJOT,Neliskulmaiset pelastusvarjot,,1095,,Kevyt ja helppo pakata uudestaan
cmmczpxok000004i8z4muxfld,ADVANCE LIGHTPACK ULS,VARJOLIITIMIEN PAKKAUSTARVIKKEET,Reput,,245,,ULS-sarjan ultrakevyt kantoreppu
cmmczccqw000004jjwhcntk6g,ADVANCE FLATBAG ULS,VARJOLIITIMIEN PAKKAUSTARVIKKEET,Makkarapussit,,150,,Suositun ULS sarjan compression bag
cmmcz0urv000004i8d76k8593,ADVANCE FLATBAG DLS,VARJOLIITIMIEN PAKKAUSTARVIKKEET,Makkarapussit,,130,,Super laadukas makkarapussi 
cmmcybglq000104kwh40fs4ru,ADVANCE LIGHTBAG 15L,VARJOLIITIMIEN PAKKAUSTARVIKKEET,Reput,,25,,Kamakassi 15L
cmmcy1wrr000004kwrnsbjl8l,ADVANCE FASTBAG 210L  ,VARJOLIITIMIEN PAKKAUSTARVIKKEET,Ruusupussit,,250,,Laadukas repputyylinen ruusupussi tandemille
cmmcxw82a000004jufhpcn7f2,ADVANCE FASTPACK 160L,VARJOLIITIMIEN PAKKAUSTARVIKKEET,Ruusupussit,,215,,Laadukas repputyylinen ruusupussi
cmm8ky43j000004ilul6902yc,ADVANCE INNER CONTAINER WITH HANDLE,MUUT TUOTTEET,,,70,,Valjaiden kahva sekä pussi
cmm8kmc7f000304l749tby4ps,ADVANCE LIGHTPACK ULS,VARJOLIITIMIEN PAKKAUSTARVIKKEET,Reput,,195,,ULS super kevyt reppu
cmm8kfbzj000304kwfoi6j9ws,ADVANCE COMFORTPACK 4,VARJOLIITIMIEN PAKKAUSTARVIKKEET,Reput,,195,,Markkinoiden mukavin liidinreppu
cmm8k4i27000204l76wpnt33l,AURA,MUUT TUOTTEET,Karabiinit,,35,,Alumiini karabiini
cmm8jzow1000104l792we7wzn,ADVANCE HOOK KNIFE WITH POCKET,MUUT TUOTTEET,,,40,,Advance koukupuukko valjaisiin
cmm8jt2nr000204kw9lgpps7g,ADVANCE COCKPIT CARRY,MUUT TUOTTEET,,,135,,Etulaukku Advance valjaisiin
cmm8jp55f000004l73704zy8t,ADVANCE FRONTCONTAINER ZIP LIGHT,MUUT TUOTTEET,,,125,,Advancen kevyt etulaukku pelastusvarjolle
cmm8jh59v000104l7bhjioai7,ADVANCE RADIO POCKET,MUUT TUOTTEET,,,35,,Ahtaampi radiotasku
cmm8jbihe000004l7fbvnqye0,ADVANCE TANDEM SPREADERS,MUUT TUOTTEET,,,200,,Tandem jatkot by Advance
cmm8j5vk3000304kzghleg3io,PLUME,MUUT TUOTTEET,Karabiinit,,35,,Ultra-light alumiini karabiini (Hike&Fly)
cmm8j0ag2000204kz6a7hls9n,CARABINER INOX (OVAL),MUUT TUOTTEET,Karabiinit,,20,,Pelastusvarjon ovaali kiinnitysrengas
cmm8itwj3000104kw3a68272e,ALIAS II SPEED,MUUT TUOTTEET,Karabiinit,,30,,Alumiinikarabiini 
cmm8iqsx5000004kw3iqta48d,ALIAS,MUUT TUOTTEET,Karabiinit,,30,,Alumiinikarabiini
cmm8ig91c000104kzbq2s0fi1,STRATUS INOX,MUUT TUOTTEET,Karabiinit,,35,,STRATUS INOX teräskarabiini
cmm8ibh7u000204jyy77c0tzz,FORAS STEEL,MUUT TUOTTEET,Karabiinit,,40,,Teräskarabiini  EDELRID:iltä
cmm8i7pzi000004johthwoxia,EASE,MUUT TUOTTEET,Karabiinit,,35,,Kevyt karabiini
cmm8i27as000004kz60tju4ii,ITV ADJUSTABLE TOGGLES,MUUT TUOTTEET,,,65,,Säädettävä acrokahva
cmm8hvlew000104jyjy2lzptr,EDELRID FORAS KARABINER ,MUUT TUOTTEET,Karabiinit,,30,,Alumiinikarabiini
cmm8hot1y000104l1xv1qbt72,7MM QUICK LINK,MUUT TUOTTEET,Karabiinit,,22,,7mm pelastusvarjon neliökarabiini
cmm8hjd4n000004jy1s0j5b3d,6MM QUICK LINK,MUUT TUOTTEET,Karabiinit,,20,,6mm pelastusvarjon neliökarabiini
cmm8h73nc000004jrllmxkc6w, POWERFLY INOX 45MM,MUUT TUOTTEET,Karabiinit,,35,,Teräskarabiini
cmm8gw0yi000004l1po8gxjno,ITV FRONT MOUNTED RESERVE PARACHUTE CONTAINER,PELASTUSVARJOT,,,130,,Etulaukku ITV:ltä
cmm8grmw9000004jp943zlc7e,ITV WINDSOCK,MUUT TUOTTEET,,,25,,Markkinoiden paras tuulipussi
cmm8ggh6q000004l56r63hfta,AD FRONTCONTAINER,PELASTUSVARJOT,,,115,,Le Slip valjaisiin pelastusvarjopussi
cmm8g9600000004lao70gkb3q,AD SUPER SIMPLE TRIMMERS,MUUT TUOTTEET,,,60,,Etutrimmit speediin
cmm7t84yh000104l2alffjxr5,PARAGLIDING BALLAST,MUUT TUOTTEET,,,65,,Markkinoiden paras vesiballastipussi
cmm7sz2l6000004l2u05e28l8, PPG SMOKE CASE CAM,MUUT TUOTTEET,,,65,,GoProlle perässä lentävä sulka
cmm7spozw000004l5dmhemu4q,Y-LIINA,MUUT TUOTTEET,,,60,,Y-liina pelastusvarjon kytkemiseen
cmm7sj4q0000104l808nvvox5,BGD SCOUT ,VARJOLIITIMIEN PAKKAUSTARVIKKEET,Reput,,150,,BGD-reppu kevyiden varusteiden kantoon.
cmm7sct8a000004l8mxg67kuc,PHI COMPRESSION BAG,VARJOLIITIMIEN PAKKAUSTARVIKKEET,Makkarapussit,,135,,Pakkauspussi Philtä
cmm7s6lsy000004kvw0b8imgy,BGD RUCKSACK,VARJOLIITIMIEN PAKKAUSTARVIKKEET,Reput,,185,,Liidinreppu BGD
cmm7rnruh000004jvbbabnpja,BGD CARBON SPEEDBAR,MUUT TUOTTEET,,,40,,BGD speedi
cmm7r6582000204lahjm6jtwa,BGD CONCERTINA BAG,VARJOLIITIMIEN PAKKAUSTARVIKKEET,Ruusupussit,,90,,BGD perinteinen makkarapussi
cmm7r023i000004lhmgpdfgow,BGD COMPRESSION BAG,VARJOLIITIMIEN PAKKAUSTARVIKKEET,Makkarapussit,,90,,BGD suljettava ruusupussi
cmm7qt37x000104lavfn83eui,BGD GIPSY,VARJOLIITIMIEN PAKKAUSTARVIKKEET,Ruusupussit,,165,,BGD ruusupussi selkähakasilla
cmm7qletd000004l2iestvbf4,AD SPEEDBAR,VALJAAT,Kevyt valjaat,,35,,Le Slip valjaiden kevyt speedy
cmm7qh3p7000004jj3dks85xz,AD LE SLIP 2 AIRBAG,VALJAAT,Kevyt valjaat,,165,,Le Slip 2 pehmuste 
cmm7qba5q000004l4e65tswql,AD QUICKBAG,VARJOLIITIMIEN PAKKAUSTARVIKKEET,Ruusupussit,,115,,Perinteinen ruusupussi Ad:ltä
cmm7q3gy9000004l1bx5l1h7t,AD FASTBAG,VARJOLIITIMIEN PAKKAUSTARVIKKEET,Ruusupussit,,140,,Nopea pakkausreppu Ad:ltä
cmm7pv3w5000004laj4x1ihsk,AD STUFFBAG,VARJOLIITIMIEN PAKKAUSTARVIKKEET,Ruusupussit,,90,,Ruusupussi Adltä
cmm7o14az000104jgbywwdt91,AD THE SOCK SUPERLIGHT,VALJAAT,Kanoottivaljaat,,1450,,Superlight kanootit ADltä
cmm7nlf7j000004jgd6ypvte0,AD LE SLIP 2,VALJAAT,Kevyt valjaat,,325,,Kalsarit 198g kevyt valjaat
cmm7hwoe3000004l4knlpnl3s,SKY FLUX,VARJOLIITIMET,Paramoottori Varjoliitimet,,2995,,SKY semihelppo mottisiipi 
cmm7fw09a000104l52q0o1kio,PHI SCALA LIGHT,VARJOLIITIMET,Kevyet Varjoliitimet,,5795,,Kisakone PHIltä
cmm7fkahm000004jyq3jcx62y,SKY SYSTEM 3,PELASTUSVARJOT,Pallo pelastusvarjot,,745,,SKY valmistama perinteinen pelastusvarjo
cmm7f53wb000004l5p5nv67iy,SKY QUATRO 160g,PELASTUSVARJOT,Neliskulmaiset pelastusvarjot,,1095,,Mottimiehen pelari
cmm7erwcx000104l5u33c5bvw,SKY QUATRO LIGHT,PELASTUSVARJOT,Neliskulmaiset pelastusvarjot,,950,,Kevyt versio suositusta QUATRO pelastusvarjosta
cmm7eh4ia000004l5i6idd843,SKY QUATRO,PELASTUSVARJOT,Neliskulmaiset pelastusvarjot,,865,,Luotettava kumppani SKY tehtaalta
cmm7dl1et000004l8kerp6m9j,SKY APOLLO 3 LIGHT,VARJOLIITIMET,Kevyet Varjoliitimet,,5495,,B-luokan kevyt versio ennätys pelistä
cmm7cs7gp000004l2kif0r06p,SKY APOLLO 3,VARJOLIITIMET,EN-B Varjoliitimet,,4995,,Maailman ennätys liidin 498km B-luokassa
cmm4zz854000004l7f6i3ugij,FLY PRODUCTS RIDER MOSTER 185cc MY25,PARAMOOTTORIT JA TARVIKKEET,Paramoottorit,,7795,,Pilvien ratsastaja
cmm4zqg7b000004jv33tfule9,FLY PRODUCTS ELIPSE MOSTER 185cc MY25,PARAMOOTTORIT JA TARVIKKEET,Paramoottorit,,7995,,Taivaan oranssi kaunokainen
cmm4yie5g000104l4jtoaipbc,CHARLY NO LIMIT,KYPÄRÄT,XC-kypärät,,335,,Markkinoiden paras XC-kypärä
cmm4xtqn9000104jpwepreu9n,NAVITER OMNI,MITTARIT,,,795,,Oudien pikkuveli
cmm4xk2jo000004jputn6zg7p,SK1,MUUT TUOTTEET,,,65,,Markkinoiden paras hinauskytkin
cmm4xarws000004l8et2ghu94,AIR3 7.3,MITTARIT,,,760,,Ilman flarmia oleva malli
cmm4wzjd8000004jobu9ljrmo,AIR3 7.3+,MITTARIT,,,999,,Suosittu vario kokonaisuus flarmilla
cmm4whh79000004jxmti84old,LIBERTY MOSTER 185cc MY 25 TITANIUM TOTAL,PARAMOOTTORIT JA TARVIKKEET,Paramoottorit,,8150,,Titaanista osaamista Espaniasta
cmm4vzw45000004l4kcbrmutx,AC R200CC REVOLUTION,PARAMOOTTORIT JA TARVIKKEET,Paramoottorit,,8350,,Sähkö sekä käsikäynnistys sekä vapaakytkin
cmm4vpley000004ic4pujesxe,AC R200cc EXTREME ,PARAMOOTTORIT JA TARVIKKEET,Paramoottorit,,8350,,195kg paramoottorikokonaisuus 
cmm4vc06o000004jlig1cd46d,PARAJET MOSTER 185cc MY 25 CADET II ,PARAMOOTTORIT JA TARVIKKEET,Paramoottorit,,8195,,Parajetin uutuus motti
cmm4uwois000004js70bglcd8,MACFLY MOSTER 185cc MY25 TRAVELCASE,PARAMOOTTORIT JA TARVIKKEET,Paramoottorit,,8195,,Upea kokonaisuus mottimiehelle
cmm4o6skj000204lbqemutku6,ENCO 2 photochromics,MITTARIT,,,350,,Itsestään tummuvat ENCO 2 malli
cmm4o3xyk000004kwdk9nzdri,ENCO 2,MITTARIT,,,300,,Unelma kävi toteen
cmm4ntbx6000104lbl30wth9w,SYRIDE EVO 2V,MITTARIT,,,699,,Erikoismiehelle erikois mittari
cmm4ng5ro000004l8extursoc,SYRIDE NAV XL,MITTARIT,,,499,,Nimikin se sanoo maksimi toiminnat
cmm4n4d7x000004lblnx98mgy,SYRIDE NAV,MITTARIT,,,399,,NAVissa on jo ilmatilat
cmm4lxjw2000004joi7csvwpf,XCTRACER MINI V,MITTARIT,,,575,,Legendaarinen XCtracer Mini V
cmm4li5un000004l47mxw26mb,XCTRACER MAXX III,MITTARIT,,,895,,HIKE & FLY mittari
cmm4l7c69000104jozacqewnb,NAVITER OUDIE N,MITTARIT,,,935,,Ilman Flarmia oleva malli 
cmm4kziyk000004jotnqrc2px,NAVITER OUDIE N FANET +,MITTARIT,,,1135,,Yksi markkinoiden suosituimmista mittareista
cmm3evdih000004jszkcf8gex,FLOW ALBATROXX,VARJOLIITIMET,Parakite Varjoliitimet,,3450,,Isomalla sivusuhteella varustettu parakite
cmm3ef29f000004l1l878wclo,FLOW MULLETX,VARJOLIITIMET,Parakite Varjoliitimet,,3450,,Liukkaampi MULLET
cmm3dlve5000004l88c4cd9pz,U-TURN RAZORBLADE,VARJOLIITIMET,Parakite Varjoliitimet,,3450,,Rullaa kuin laakereilla
cmm3d8wix000004i8so0jtg1s,LEVEL FUZE,VARJOLIITIMET,Parakite Varjoliitimet,,3450,,Parakite jossa on koko matkan jarrutuntuma
cmm3cuhh2000004jvvp449p2s,LEVEL FUSION V3,VALJAAT,Parakite valjaat,,835,,Parakite lentämisen supervaljaat
cmm3c6veb000004juw8x9uvu3,SUPAIR ACRO 4,VALJAAT,Acrovaljaat,,1220,,Markkinoiden parhaat acrovaljaat
cmm3bo6wp000004l2o3zrfemy,SUPAIR SAVAGE 2,VARJOLIITIMET,EN-C Varjoliitimet,,5250,,Ziad kehui SAVAGE 2sen upeaksi
cmm3az2nx000004jsvn5ueanr,BGD BLIZZARD,VARJOLIITIMET,Paramoottori Varjoliitimet,,3990,,Aloittelevan movapilotin valinta
cmm3a7brj000004js7c9gyyac,BGD CYCLONE,VARJOLIITIMET,Paramoottori Varjoliitimet,,4690,,Ison triken paras ystävä BGDltä
cmm39qrkb000104kvm1pc1oak,BGD ICON,VARJOLIITIMET,Paramoottori Varjoliitimet,,4300,,Ohjaus-tykki pilvien reunalla
cmm39dmfo000004kvnfjt3x4q,BGD TYPHOON,VARJOLIITIMET,Paramoottori Varjoliitimet,,4090,,Aloittavan mottipilot paras kamu TYPHOON
cmm37o13h000004le6bql3vjh,ITV AWAK 3 TANDEM,VARJOLIITIMET,Paramoottori Varjoliitimet,,4890,,Kaveri kyytiin ja movan kanssa lentämään
cmm37d5nc000004jxjgktd49v,ITV BAJA,VARJOLIITIMET,Paramoottori Varjoliitimet,,3650,,Mottikoulutus siipien aatelia
cmm36x1aw000004i9928n4ue5,ITV AWAK 3,VARJOLIITIMET,Paramoottori Varjoliitimet,,3840,,Taivaiden motocross - siipi
cmm36idh7000004jrtklkcao1,ITV PIPER 2,VARJOLIITIMET,Paramoottori Varjoliitimet,,4450,,Uusi mottisiipien kuningas on syntynyt
cmm360ys5000104ky8e3805hj,NEO SUSPENDER 2.0,VALJAAT,Kanoottivaljaat,,2580,,Made in France SUSPENDER 2.0 korkean luokituksen kanootit
cmm35ta7x000004kyo4toawzb,NEO RACE,VALJAAT,Kanoottivaljaat,,2395,,Made in France Ultra light race harness
cmm35cocp000004lei3jivhq9,BGD OOPS,PELASTUSVARJOT,Pallo pelastusvarjot,,795,,Jos sattuu vahinko OOPS pelastaa
cmm34yoyc000004l7v0zqnwi4,BGD LINK PILOT ja PASSANGER,VALJAAT,Tandemvaljaat,,1595,,Ammatilaisen valinta BGD tandem
cmm33x6jq000004jxrg6wg8gi,BGD WARP,VALJAAT,Kääntövaljaat,,1040,,Raikas tuulahdus Brucen pöydältä
cmm33i3j3000004l8e3b84oxj,BGD SNUG,VALJAAT,Avovaljaat,,820,,Legendaariseksi muovautunut BGD avovaljas
cmm331kqi000004l2pktpdsq1,BGD DIVA 2,VARJOLIITIMET,EN-D Varjoliitimet,,5290,,2 linjanen kisakone Brucen kynästä
cmm1z1dac000004joqmqna7ej,BGD CURE 3,VARJOLIITIMET,EN-C Varjoliitimet,,5090,,Kauan odotettu uutuus BGDltä 2 linjainen C
cmm1yioge000004jla8flqc6c,BGD BREEZE,VARJOLIITIMET,EN-B Varjoliitimet,,4690,,BASE 3 kevyt versio
cmm1y2uf7000004joz7ghmnxp,BGD BASE 3,VARJOLIITIMET,EN-B Varjoliitimet,,4590,,99% eri peli kuin BASE 2
cmm1x2k7t000004jsdtfhn26t,ADVANCE IMPRESS 4,VALJAAT,Kanoottivaljaat,,2890,,Kilpavalajasta by ADVANCE 
cmm1wp1hi000004jlya9vs77c,ADVANCE WEIGHTLESS,VALJAAT,Kanoottivaljaat,,2090,,Nimikin sen sanoo on kevyttä kanoottia. Suoraa X-Alpseista.
cmm1w3kat000204i3aux94tfw,ADVANCE LIGHTNESS 4,VALJAAT,Kanoottivaljaat,,2290,,Seuraavan tason kanoottivaljaat
cmm1vpi7b000004lenj6hjap6,ADVANCE EASINESS 4,VALJAAT,Kääntövaljaat,,1090,,Hike & Fly kääntövaljaat vaativalle
cmm1v6pel000104i3v846jfhn,ADVANCE BOUDLESS,VALJAAT,Kääntövaljaat,,1240,,Kääntövaljaat istuinlevyllä
cmm1ugcdv000004i3vugmiz0s,ADVANCE PROGRESS 3,VALJAAT,Kääntövaljaat,,1140,,Kääntövaljaiden aatelia jaetuilla jaloilla
cmm1tn49d000004kw3wxtidcz,ADVANCE SUCCESS 5,VALJAAT,Avovaljaat,,1330,,Turvallisuus ja mukavuus tulevat ensin
cmm1t6qjc000004la4hzxc6is,ADVANCE AXESS 5,VALJAAT,Avovaljaat,,990,,Suojaa alusta asti joka tasolle
cmm1som5q000104jucxaz3t6v,ADVANCE SIGMA DLS,VARJOLIITIMET,EN-C Varjoliitimet,,5840,,XC SPORT VARJOLIIDIN
cmm1s34uk000004jjs0x360di,ADVANCE TAU DLS,VARJOLIITIMET,EN-C Varjoliitimet,,6390,,SPORT-CLASS RACER
cmm1rix3a000004junrx8uypn,ADVANCE OMEGA ULS,VARJOLIITIMET,EN-D Varjoliitimet,,5990,,OMEGA ULS Ultralight Racing Paraglider
cmm1qwr5z000004l1a8fq8x4r,ADVANCE THETA ULS,VARJOLIITIMET,EN-B Varjoliitimet,,5190,,THETA ULS ULTRA-LIGHT 
cmm1nalju000004juh03rjify,PHI SCALA 2,VARJOLIITIMET,EN-C Varjoliitimet,,5590,,PHI oma 2 -linjainen C-luokan kilpuri.
cmm1l2oh6000004js1fbcjg6m,PHI SYMPHONIA 2 LIGHT,VARJOLIITIMET,EN-A Varjoliitimet,,5020,,SYMPHONIA 2 LIGHT on upea XC liidin EN/A luokassa.
cmm1kegfe000004ldr07cv51h,PHI SYMPHONIA 2,VARJOLIITIMET,EN-A Varjoliitimet,,4690,,Hannes loi markkinoille ensimmäisen korkean A-liitimen.  
cmm0u7bt0000004js1xwsr1mz,PHI BEAT 2 LIGHT,VARJOLIITIMET,Kevyet Varjoliitimet,,5190,,BEAT 2 LIGHT on XC-liitäjän toiveuni.
cmm0tg0jx000004js406uib0w,PHI BEAT 2,VARJOLIITIMET,EN-B Varjoliitimet,,4090,,BEAT 2 XCsiipi B-luokassa
cmm0t39pz000004ldjg0u7kbb,PHI TENOR 2 LIGHT ,VARJOLIITIMET,Kevyet Varjoliitimet,,4890,,TENOR 2 LIGHT kevyttä ja helppoa starttiin sekä kuljettamiseen
cmm0skxpw000004l5up9bgpdj,PHI TENOR 2 ,VARJOLIITIMET,EN-B Varjoliitimet,,4090,,Kurssilta suoraan TENOR 2 taivaalle. Helppo myös movahommissa sekä rinteessä.
cmm0s8kkf000004jp1ild61uq,PHI MAESTRO 3 LIGHT,VARJOLIITIMET,Kevyet Varjoliitimet,,5150,,Tämä on super light ja pakkautuu upeasti
cmm0oql5c000004lbgltrgjmt,PHI MAESTRO 3,VARJOLIITIMET,EN-B Varjoliitimet,,4950,,Vuoden 2025 syksyn tulokas.  MAESTRO 2 oli SM palkinnoilla useampana vuonna peräkkäin.
cmm0nsdys000004l41o7i81yz,PHI SOLA  GT,VARJOLIITIMET,Kevyet Varjoliitimet,,3470,2600,SOLA GT on joka oppilaan unelma. Kevyt kantaa upea startata ja mahtava kuolettaa.
cmm0iqjk8000004lbtq0ksahw,PHI FANTASIA,VARJOLIITIMET,EN-A Varjoliitimet,,3150,2995,Varjoliitokoulu luotaa myös Fantasiaan. Upea liidin koulutukseen rauhallinen luottokumppani kurssin jälkeenkin. Tämä liidin toimii myös paramoottoriin.
